F122017-10-0,F122017-10-1,F122017-10-2,F122017-10-3,F122017-10-4,F122017-10-5,F122017-10-6,F122017-10-7,F122017-10-8,F122017-10-9,F122017-10-10,F122017-10-11,F122017-10-12,F122017-10-13,F122017-10-14,F122017-10-15,F122017-10-16,F122017-10-17,F122017-10-18,F122017-10-19,F122017-10-20,F122017-10-21,F122017-10-22,F122017-10-23,F122017-10-24,F122017-10-25,F122017-10-26,F122017-10-27,F122017-10-28,F122017-10-29,F122017-10-30,F122017-10-31,F122017-10-32,F122017-10-33,F122017-10-34,F122017-10-35,F122017-10-36,F122017-10-37,F122017-10-38,F122017-10-39,F122017-10-40,F122017-10-41,F122017-10-42,F122017-10-43,F122017-10-44,F122017-10-45,F122017-10-46,F122017-10-47,F122017-10-48,F122017-10-49,F122017-10-50
1533208885.3065886,873579986.7596283,2165388556.446694,456544799.59325594,1977988514.3414705,1583178205.2032313,1144797940.2379007,343373445.3454124,1013125091.8909773,399976504.84436476,3333367559.0332446,1229121562.21261,196952400.89165777,337458501.00238526,1982021505.1213572,213693366.1083887,1444161966.2380524,804562823.4471607,226778282.3245599,4689636125.586622,1903374217.2867982,2647160362.6620164,2085845730.6366367,1135785856.8224216,2935529911.4243956,510214130.3431431,685398726.1313863,2887646864.458554,1286755499.018618,610480142.398879,3460692686.1858416,1507362435.6418748,506597491.8757809,3788186970.096752,94913735.0646427,585084493.0409456,1016267177.3983349,3844173849.9328218,3061686823.1929502,2496986586.1232004,1109946606.526942,266753043.90776914,1189850729.3880324,1279826031.0392547,623021539.3188277,1112486009.385695,649640725.3992716,1324597219.1233788,464283125.7948576,1085165669.354023,792737281.0586725
151696197.06333664,873579986.7596283,1592179470.1737287,456544799.59325594,534480078.2608702,542832654.5650295,345529920.7014074,343373445.3454124,839723456.3711703,399976504.84436476,1711458753.308538,1229121562.21261,196518271.06642875,337458501.00238526,350608745.0798722,213693366.1083887,849216522.0792822,382025461.9408135,226778282.3245599,2214305314.066155,842544799.4741875,317173245.75064546,156384249.28933218,1135785856.8224216,1263895644.0941923,157345183.46478623,355867940.8119606,379979298.02330613,244797283.14723545,610480142.398879,321878512.2485137,858738353.0208397,506597491.8757809,2372591937.4380665,94913735.0646427,187595064.4963644,1016267177.3983349,2330189065.1671214,1741474777.6019657,647925154.0412362,615115287.7887416,88108749.31845318,179456198.98487657,1279826031.0392547,160946133.81985754,746834832.1830207,649640725.3992716,553524512.2917881,464283125.7948576,251368958.11478385,264920594.0461461
151696197.06333664,796597194.8513321,1100777918.6191325,40968040.02994519,172185999.36965543,387291942.29198426,345529920.7014074,343373445.3454124,490445551.34334,399976504.84436476,1354612163.6082788,610312210.1937499,122396888.57555027,175136702.8472428,264702822.73947468,213693366.1083887,849216522.0792822,353250543.62646,141359637.76704136,482078551.5434169,454781876.21967465,24494722.46933032,156384249.28933218,705883935.1589961,302106997.214167,142330600.08342367,301365066.00239104,379979298.02330613,244797283.14723545,610480142.398879,186179543.64555466,436184361.23903835,321316776.745951,1143431608.7280416,19921292.265610885,147397701.96590933,707998176.5260272,2065962549.0344625,577285877.5265106,148882904.65487036,305313626.8159112,88108749.31845318,179456198.98487657,1279826031.0392547,160946133.81985754,701756790.0180633,587566532.5016329,296317851.1951044,369268587.54782265,222521281.978877,264920594.0461461
151696197.06333664,796597194.8513321,509452069.5725789,40968040.02994519,172185999.36965543,387291942.29198426,105629344.00741792,343373445.3454124,138542950.6027084,204570542.12168732,1354612163.6082788,551081555.1458843,17235367.321408227,39012821.15330095,263135222.22004133,66640286.87309378,315732878.7522339,221529764.43984327,111519503.92071664,414331397.8605702,454781876.21967465,24494722.46933032,72926389.42430297,705883935.1589961,205235155.77686092,48474556.34622665,178550012.72975084,184356369.1659501,244797283.14723545,610480142.398879,186179543.64555466,436184361.23903835,194144015.96823707,1143431608.7280416,19921292.265610885,107886325.15423898,707998176.5260272,1422705672.1455193,215201128.89386788,148882904.65487036,255138204.20893955,68970840.48576534,151550017.91036764,295654752.5224522,160946133.81985754,267199592.89968216,332894348.3795589,79365278.22497348,238511842.21862295,222521281.978877,168822773.0518979
151696197.06333664,710386151.019331,231762770.60546476,40968040.02994519,172185999.36965543,337236333.5850649,105629344.00741792,95456419.27487071,138542950.6027084,162911265.40202564,1354612163.6082788,513518559.94617635,17235367.321408227,39012821.15330095,90589650.27957249,60818875.186175704,240328175.43084285,198560541.20932022,111519503.92071664,414331397.8605702,154685000.08442882,23140878.057536617,72926389.42430297,287983818.8727729,205235155.77686092,27031128.83585903,38495847.21019289,184356369.1659501,198527239.31116256,610480142.398879,186179543.64555466,432116018.37480325,194144015.96823707,1143431608.7280416,19921292.265610885,107886325.15423898,455601007.92050034,1304388295.766625,67519759.78051308,79058545.84748161,255138204.20893955,68970840.48576534,151550017.91036764,295654752.5224522,84258137.22788185,267199592.89968216,111068472.21662876,79365278.22497348,238511842.21862295,86311238.0006186,148699080.00675106
151696197.06333664,638142970.2867693,57723777.28842005,28692657.568745356,172185999.36965543,111479857.8206362,105629344.00741792,95456419.27487071,116007544.68614174,162911265.40202564,273892456.9961801,513518559.94617635,17235367.321408227,39012821.15330095,90589650.27957249,46212221.80032922,116615817.45338188,117163354.73320983,85355207.77136292,281825852.72315943,25575670.773239452,23140878.057536617,72926389.42430297,287983818.8727729,205235155.77686092,11126243.326912053,38495847.21019289,184356369.1659501,63180493.608208664,103826687.45641533,167411548.68659753,198984559.59830168,141790197.08791995,1034580853.8288453,19921292.265610885,102491760.95637517,455601007.92050034,846348628.3695456,67519759.78051308,22473850.74279263,232300624.7439354,68282086.5019751,148926839.349615,281134392.9414686,84258137.22788185,224715486.16220903,111068472.21662876,255895.79290938645,225413140.34338427,86311238.0006186,77801384.82589333
151696197.06333664,214477857.8806299,50406866.187621705,23708857.279891863,127697657.03497185,38937273.59484466,105629344.00741792,95456419.27487071,84617388.70221229,162911265.40202564,211707688.9876778,283945966.2073893,17235367.321408227,30235108.23768823,4519205.5990048675,37065835.71794703,25428626.396372482,95937043.59458911,85355207.77136292,191640700.28452936,25575670.773239452,11733474.395738931,53501840.2550234,112363362.58559385,205235155.77686092,11126243.326912053,38495847.21019289,6637373.292659913,63180493.608208664,103826687.45641533,26890380.923590783,198984559.59830168,141790197.08791995,528263954.64760274,19401879.019442927,18034946.49048223,243592108.11431953,457601067.02774817,67519759.78051308,21825470.14283326,156034347.4773461,41271899.09644129,148926839.349615,156101408.43182236,80752911.8895944,224715486.16220903,111068472.21662876,255895.79290938645,154909502.40766135,16732976.103856362,17301082.351505823
145408649.2810643,206481495.62080416,15308552.219897132,23708857.279891863,80758229.63313493,32614156.24438102,105148473.11710325,44925488.03431235,74501524.04703186,162911265.40202564,211707688.9876778,283945966.2073893,17235367.321408227,30235108.23768823,4519205.5990048675,37065835.71794703,25428626.396372482,95937043.59458911,47045785.58989745,82887332.56339039,25575670.773239452,11733474.395738931,25033120.860852778,112363362.58559385,205235155.77686092,4098007.9568748283,32405587.522846304,6637373.292659913,32550759.868891325,99754738.31236632,26890380.923590783,67088447.22721686,141790197.08791995,357307252.23971164,19258326.640406586,18034946.49048223,193741098.8555157,442698521.72899514,33464929.14856282,11771391.56510207,152630431.2623481,32891433.832116384,130712413.92285313,76537723.70000121,79255433.40847576,84928700.41006395,111068472.21662876,255895.79290938645,106857783.77468906,16732976.103856362,17301082.351505823
57541989.112710685,206481495.62080416,15308552.219897132,23708857.279891863,80758229.63313493,31298406.17081802,68682849.45389019,17206345.169278372,59348266.17805881,74700728.44893415,135056223.8072296,111982822.7591187,8686321.402986191,30190263.52523108,4519205.5990048675,32583426.77573385,25428626.396372482,95937043.59458911,37799438.04008893,48829636.54468828,25575670.773239452,11682622.821662236,25033120.860852778,104951105.22584026,122239492.8098655,4098007.9568748283,25241882.562519804,3832328.2662998177,32389603.56166356,52543651.85596857,25772598.965670243,67088447.22721686,111492940.90041962,357307252.23971164,19237352.391786296,17854505.442540236,105173289.23781583,442698521.72899514,33464929.14856282,11771391.56510207,136539213.62816566,32891433.832116384,64332929.72405683,74155224.820242,63422589.590301625,84928700.41006395,28260198.77877916,255895.79290938645,38317849.43885685,16732976.103856362,17301082.351505823
31534797.62657079,195884768.28804523,15308552.219897132,20154451.12088612,74804422.29481347,634359.9745203911,11695363.900969684,17206345.169278372,57127595.048612066,69713151.39183308,80286080.55139564,111982822.7591187,8396771.53426596,8090123.431654031,4519205.5990048675,23447350.914545294,2589477.5542866727,82416313.35427366,8024079.97401885,48829636.54468828,25575670.773239452,6807119.312535222,19519952.75397093,25221878.841199018,45105798.011426404,1294436.3989209658,25241882.562519804,1432614.2491106063,32389603.56166356,3529530.3969984674,25772598.965670243,42975181.920921005,111492940.90041962,318543883.5760906,14073973.314710418,918092.3103201214,50635458.45547327,134980363.52769515,26791707.926643897,3066229.070702646,136539213.62816566,32891433.832116384,64332929.72405683,63348831.53282044,63422589.590301625,58431013.998057,28260198.77877916,255895.79290938645,33334130.775511067,14263772.33526792,8148930.650343002
7665186.78163948,191773781.54557854,15308552.219897132,20154451.12088612,64348348.72887155,634359.9745203911,11695363.900969684,5468182.030220272,57127595.048612066,55416246.2030412,80286080.55139564,111982822.7591187,5279984.534688699,8090123.431654031,4519205.5990048675,4875585.843116975,2589477.5542866727,82416313.35427366,6544101.840729298,46758033.029742956,23750985.682192467,6793066.374668001,19482630.157263562,24019378.86860675,45105798.011426404,379232.72407660645,7713182.228659272,1432614.2491106063,32389603.56166356,3529530.3969984674,21438948.586843286,25911973.2657429,111492940.90041962,318543883.5760906,5268532.303043276,918092.3103201214,50635458.45547327,111398205.5573299,26791707.926643897,3066229.070702646,116461231.96918462,14417818.231005825,14043209.884860106,43814071.174745806,63422589.590301625,11712006.979654431,28260198.77877916,255895.79290938645,32463556.616081074,628749.8401267385,8148930.650343002
7665186.78163948,180756394.03170162,15308552.219897132,9931838.901570668,63457330.5511028,634359.9745203911,11556978.439319987,5468182.030220272,57127595.048612066,41984033.45891982,63578145.28961497,14284764.39918088,5279984.534688699,8090123.431654031,4519205.5990048675,4875585.843116975,2589477.5542866727,49493093.77026149,6544101.840729298,46758033.029742956,18834017.720483266,6793066.374668001,19482630.157263562,24019378.86860675,45105798.011426404,379232.72407660645,5604822.399771839,124014.67520787318,5926777.703880936,3529530.3969984674,5829593.628321309,17791208.742987372,26466660.614136733,261110662.12648845,5253833.039470939,568044.5024546565,40398167.3502149,91021489.22125064,2808835.9603269193,2270679.992587819,69705957.13854396,6170546.153383379,9184821.103012279,40318402.908920184,63287458.58594617,11712006.979654431,28260198.77877916,255895.79290938645,16616305.843355365,415383.32887086965,8148930.650343002
7665186.78163948,170903403.19783363,15308552.219897132,9931838.901570668,37606414.50016068,592652.2786388996,5922428.6586237615,5468182.030220272,18925956.093920402,17824106.491756726,37897418.63247924,4428502.482916032,5279984.534688699,8090123.431654031,4519205.5990048675,4875585.843116975,2589477.5542866727,38097038.78098801,6544101.840729298,46758033.029742956,18834017.720483266,6498089.712378404,19482630.157263562,24019378.86860675,45105798.011426404,370778.9086547038,2268801.375746843,124014.67520787318,5926777.703880936,3529530.3969984674,5829593.628321309,17791208.742987372,4693199.1958568925,136627495.6241927,2122013.777759302,137677.1287009161,329455.3360672517,56851690.72298763,2808835.9603269193,2270679.992587819,62181898.95953633,6170546.153383379,9184821.103012279,10660617.281313155,57969295.0461357,11712006.979654431,22492917.663265448,255895.79290938645,16616305.843355365,415383.32887086965,7398776.627097942
7665186.78163948,89416389.3531189,15176423.683447016,9931838.901570668,5243879.417344225,592652.2786388996,4836379.758967605,5468182.030220272,16148813.605364246,11953500.654508691,37897418.63247924,4141953.465268158,5241477.1349889515,1283252.721633674,4505720.694787219,4701933.17990479,2589477.5542866727,35028111.04609159,6544101.840729298,46758033.029742956,18834017.720483266,6498089.712378404,19482630.157263562,24019378.86860675,31715033.558696616,370778.9086547038,2268801.375746843,124014.67520787318,5926777.703880936,3529530.3969984674,5829593.628321309,2186932.10223788,1280204.7534078162,133826840.01139651,835808.8881818013,137677.1287009161,329455.3360672517,16827114.23736458,2808835.9603269193,2270679.992587819,62181898.95953633,6170546.153383379,8941931.446297275,10660617.281313155,57969295.0461357,2213158.746082857,22492917.663265448,255895.79290938645,16616305.843355365,382913.7257584752,6518771.083456194
7665186.78163948,64556230.58609202,14988284.721320815,9931838.901570668,2948152.131474207,592652.2786388996,1508179.3917736348,4307819.450881065,13113200.351516778,11953500.654508691,37897418.63247924,3595803.6235738145,3643002.419661845,1283252.721633674,1139318.8972865785,4101884.5025031185,2589477.5542866727,24362018.8523695,6544101.840729298,42629744.159401566,18834017.720483266,6498089.712378404,13916896.908673447,24019378.86860675,31715033.558696616,370778.9086547038,2268801.375746843,124014.67520787318,2398512.0947959824,877390.1203332423,5677238.239481807,1965847.2088421355,1280204.7534078162,133826840.01139651,835808.8881818013,137677.1287009161,329455.3360672517,16827114.23736458,2607719.120035479,2270679.992587819,47199945.82223746,6170546.153383379,8941931.446297275,10232363.80993334,46769604.37243473,1330876.1858177064,15856269.805887152,255895.79290938645,14925138.522002703,382913.7257584752,4018668.8290991546
7116724.570633317,20233761.817408256,8807904.901037058,9931838.901570668,2948152.131474207,592652.2786388996,1197140.1852912311,4307819.450881065,9953413.45877436,11403088.553028084,37897418.63247924,3532453.861905071,2761865.191296888,1283252.721633674,1139318.8972865785,4101884.5025031185,2002528.2434225783,24362018.8523695,6351106.793677471,42629744.159401566,6659638.013837885,6402708.136126152,13916896.908673447,20299331.160365812,4903463.629278083,333431.5118869794,1290330.9588316267,114617.92939722359,2398512.0947959824,877390.1203332423,5342530.282996284,1548035.0967241006,1280204.7534078162,129413546.33212824,835808.8881818013,137677.1287009161,329455.3360672517,13212390.627685132,1021670.1750275163,495966.04174583126,47199945.82223746,6170546.153383379,3654120.8800564394,240701.26321155758,20298574.976448305,922833.9410465586,15856269.805887152,255895.79290938645,1418302.8287133528,382913.7257584752,2843393.904399043
7116724.570633317,11516238.373110682,8807904.901037058,8883910.44352377,2948152.131474207,592652.2786388996,1197140.1852912311,4307819.450881065,9953413.45877436,3992840.9225444472,7554917.121856182,3532453.861905071,1494979.8397581936,239915.10468114933,1139318.8972865785,4101884.5025031185,2002528.2434225783,11571371.069575502,2836446.079641883,33574726.897051044,3615146.486533883,6033455.456069851,9247858.084865004,19386110.754063208,4903463.629278083,333431.5118869794,232537.6097219129,100632.16966834727,2398512.0947959824,877390.1203332423,1124904.0646543384,1548035.0967241006,894982.3632695659,119003465.48129962,432509.90518907364,137677.1287009161,329455.3360672517,9451480.683813022,859546.0719240087,495966.04174583126,18323197.205871996,6170546.153383379,3654120.8800564394,240701.26321155758,20298574.976448305,922833.9410465586,15856269.805887152,255895.79290938645,1261050.3280765756,48910.218736153656,1957614.9512383183
5420220.357393643,9731985.947256606,4861214.545802898,1481242.7080179595,2464036.1194820227,592652.2786388996,1197140.1852912311,1428029.2507572796,9009330.264951976,3992840.9225444472,3328292.7973015714,3532453.861905071,1465013.4197290556,239915.10468114933,1139318.8972865785,1626091.8906394222,2002528.2434225783,11571371.069575502,2836446.079641883,33574726.897051044,3615146.486533883,5825393.402899731,8450528.66131898,17598564.734047826,4903463.629278083,333431.5118869794,232537.6097219129,91453.19761700105,2398512.0947959824,877390.1203332423,1124904.0646543384,1548035.0967241006,894982.3632695659,112035873.93624797,432509.90518907364,137677.1287009161,329455.3360672517,9005204.246930687,859546.0719240087,495966.04174583126,17524517.235233705,6170546.153383379,3654120.8800564394,240701.26321155758,20298574.976448305,816908.6810590357,15856269.805887152,255895.79290938645,540574.2365204495,48910.218736153656,1293786.846894568
5420220.357393643,4086395.3266862296,845758.1124249642,1481242.7080179595,1982013.5448726607,592652.2786388996,1197140.1852912311,501996.9919604688,9009330.264951976,3992840.9225444472,2556424.060585202,1706417.2059982265,1455441.9266055794,208767.44259987574,783826.7067524971,1437830.194240277,1982425.9286841983,11571371.069575502,2836446.079641883,33574726.897051044,1297036.645903578,5322275.221533749,7542322.749428651,17000992.17619994,4903463.629278083,333431.5118869794,57882.628050546184,90356.98925897552,2398512.0947959824,877390.1203332423,1124904.0646543384,1039406.7312579292,894982.3632695659,112035873.93624797,48087.19402684508,84760.20855358806,329455.3360672517,8400384.777041635,859546.0719240087,441904.94951253576,17524517.235233705,6170546.153383379,3654120.8800564394,240701.26321155758,20298574.976448305,816908.6810590357,2503173.343945023,255895.79290938645,540574.2365204495,48910.218736153656,1293786.846894568
5420220.357393643,4086395.3266862296,845758.1124249642,1481242.7080179595,1982013.5448726607,592652.2786388996,1197140.1852912311,501996.9919604688,9009330.264951976,3992840.9225444472,783184.4759320925,1706417.2059982265,413443.7779400485,128324.63663942687,783826.7067524971,1437830.194240277,1919972.7139548864,11571371.069575502,2214613.386501947,31157763.251740903,410780.81456192594,5174096.499517101,7542322.749428651,6837665.5728721665,4903463.629278083,255411.83368799012,45839.31725934098,65974.19078496427,2398512.0947959824,435196.8425908974,1124904.0646543384,859346.0573913268,629550.5108080632,81313652.0800348,48087.19402684508,84760.20855358806,329455.3360672517,5620558.393653217,859546.0719240087,439034.93843046715,17461628.284998167,6170546.153383379,3209614.644361494,240701.26321155758,20298574.976448305,816908.6810590357,2503173.343945023,207483.43040420327,322353.5273452582,48910.218736153656,1293786.846894568
3114017.9889408085,3650500.6592776678,845758.1124249642,1481242.7080179595,1918003.113014194,592652.2786388996,1197140.1852912311,164457.39936174528,5415007.541829063,3992840.9225444472,783184.4759320925,1706417.2059982265,413443.7779400485,47185.98840621326,783826.7067524971,1437830.194240277,1919972.7139548864,11571371.069575502,2099268.3525873106,8153228.897415351,361024.5599142456,5121657.643353406,5425450.732229786,6837665.5728721665,1710155.4745510044,249913.45303701406,45839.31725934098,65974.19078496427,1337231.8686940738,435196.8425908974,1124904.0646543384,315129.73187321995,629550.5108080632,77484526.69364934,48087.19402684508,84760.20855358806,329455.3360672517,5362049.819037148,199574.99127643145,439034.93843046715,16647184.847224923,4917802.822552407,3209614.644361494,240701.26321155758,20298574.976448305,590885.6722626518,2503173.343945023,101750.1563947473,322353.5273452582,48910.218736153656,1275694.5964048128
3114017.9889408085,3650500.6592776678,722525.276653282,1481242.7080179595,1918003.113014194,518770.92464666296,1197140.1852912311,164457.39936174528,5415007.541829063,1684272.6972797425,783184.4759320925,1706417.2059982265,363328.00943935645,47185.98840621326,783826.7067524971,420115.0613624154,1687815.7250466733,5303398.404704272,1540723.0846060708,8153228.897415351,361024.5599142456,3547652.320051117,5351024.259357199,6837665.5728721665,1710155.4745510044,249913.45303701406,45839.31725934098,65974.19078496427,1337231.8686940738,435196.8425908974,1124904.0646543384,162729.0242131733,428951.26848454203,49600597.12790965,48087.19402684508,84760.20855358806,329455.3360672517,1730175.4936388894,98017.25332680895,413186.17743506393,1293955.896426659,1946414.892407131,3209614.644361494,49854.36406451077,20298574.976448305,504530.721689931,2503173.343945023,101750.1563947473,322353.5273452582,48910.218736153656,717040.3583279036
1584325.0263505524,3054091.7008412033,515113.30525376525,1481242.7080179595,1918003.113014194,518770.92464666296,1181867.0819121776,164457.39936174528,5415007.541829063,1684272.6972797425,783184.4759320925,997140.5114469958,363328.00943935645,47185.98840621326,488599.769824125,420115.0613624154,1027488.7545970945,1693355.8296335808,1184885.3542956077,6155460.721023695,162323.3747342124,3547652.320051117,1809171.5199139616,6427766.2158064535,1666252.0714163228,241186.5459440275,25048.522602668847,30361.07766575695,1337231.8686940738,435196.8425908974,1124904.0646543384,38065.426734078894,425917.5453485488,35201556.83775245,48087.19402684508,84760.20855358806,329455.3360672517,1730175.4936388894,94011.69690309984,101040.54094722803,1293955.896426659,1783107.515691568,3209614.644361494,49854.36406451077,16586448.525724202,504530.721689931,2503173.343945023,101750.1563947473,311626.4070956021,48910.218736153656,695958.9652873764
320825.80920203874,1962832.2648256787,350379.3035521826,1398469.6016169058,1918003.113014194,368844.18148282287,1181867.0819121776,164457.39936174528,5415007.541829063,1684272.6972797425,783184.4759320925,907224.8367918903,363328.00943935645,47185.98840621326,488599.769824125,318422.00724760565,295917.8137791039,1693355.8296335808,444170.0450929213,6155460.721023695,162323.3747342124,2959724.65380173,1567215.7688992706,3038509.2312683943,920597.2528840476,241186.5459440275,25048.522602668847,30361.07766575695,1337231.8686940738,435196.8425908974,686712.4882138298,38065.426734078894,309765.8483475661,7262614.463569338,48087.19402684508,57901.0766299011,329455.3360672517,1730175.4936388894,68641.60641805126,101040.54094722803,1293955.896426659,1783107.515691568,3209614.644361494,49854.36406451077,16460752.3992665,504530.721689931,2503173.343945023,35382.78181995953,311626.4070956021,48910.218736153656,695958.9652873764
287888.67189654376,1874994.554288481,206415.75121029807,1159104.7900312324,1609182.264023385,317215.71260411886,988127.2888998885,164457.39936174528,3660152.933370216,494928.32286661223,356920.9140152081,790803.6890745213,249658.4682600628,47185.98840621326,488599.769824125,318422.00724760565,293659.4718678879,1495720.575267761,444170.0450929213,5164463.697526187,162323.3747342124,2109847.2329999716,1567215.7688992706,3038509.2312683943,920597.2528840476,182663.4316167185,25048.522602668847,30361.07766575695,1337231.8686940738,393374.2153872554,614354.8506918541,38065.426734078894,229416.64272657945,7262614.463569338,43545.491381322936,57901.0766299011,329455.3360672517,403876.3132544058,68641.60641805126,101040.54094722803,1293955.896426659,1783107.515691568,3209614.644361494,49854.36406451077,14147303.391076518,504530.721689931,2213170.860368073,35382.78181995953,299732.176819193,48910.218736153656,695958.9652873764
287888.67189654376,1874994.554288481,170578.98138752044,694480.4019159359,1511189.5099120175,317215.71260411886,513887.82479359984,164457.39936174528,3660152.933370216,494928.32286661223,356920.9140152081,790803.6890745213,249658.4682600628,47185.98840621326,401029.19544744375,318422.00724760565,293659.4718678879,1495720.575267761,444170.0450929213,4874487.292550143,158895.8168618365,2109847.2329999716,1567215.7688992706,3038509.2312683943,920597.2528840476,182663.4316167185,24937.804957426895,30361.07766575695,983243.4987127951,393374.2153872554,465216.90194000315,38065.426734078894,229416.64272657945,7262614.463569338,34332.58740468901,54414.75201146565,329455.3360672517,125829.0936688893,65125.61980542118,101040.54094722803,1293955.896426659,1754171.8980206256,3209614.644361494,49854.36406451077,14147303.391076518,504530.721689931,1388838.8279177593,35382.78181995953,299732.176819193,35041.63645323058,500170.2285894901
287888.67189654376,1874994.554288481,132828.02149469173,694480.4019159359,1511189.5099120175,317215.71260411886,495622.21732419933,164457.39936174528,1397629.3820023052,494928.32286661223,290019.8836733033,690913.7510255077,249658.4682600628,27913.783116408267,142603.22991596156,310078.33305644355,85399.30754502313,637169.3260601293,437052.1748212498,4874487.292550143,92301.86256294712,2109847.2329999716,1567215.7688992706,2252745.6133120894,348026.77990190487,182663.4316167185,18625.5672973273,22732.741656503178,983243.4987127951,100382.6788483232,426874.6779601629,38065.426734078894,215223.3682436648,1361521.1261374685,34332.58740468901,38791.403342203164,329455.3360672517,125829.0936688893,64028.98775155305,83224.74899940082,667615.0925192516,1251906.5148309548,3079866.136566451,41355.392646335546,12907429.679806028,186921.48770476508,1368341.9066759213,35382.78181995953,58449.660261389894,25676.678319577855,480442.6255100092
287888.67189654376,1473032.4576821928,132828.02149469173,633026.4010386035,1447846.0808056027,305214.44438017206,495622.21732419933,161374.73944420955,1316569.037166849,494928.32286661223,290019.8836733033,690913.7510255077,249658.4682600628,27913.783116408267,142603.22991596156,220300.74629428625,16264.126702069032,637169.3260601293,437052.1748212498,3802992.3576640226,92301.86256294712,2109847.2329999716,1567215.7688992706,1028954.528019305,348026.77990190487,182663.4316167185,18625.5672973273,19806.424808940483,983243.4987127951,100382.6788483232,426874.6779601629,38065.426734078894,215223.3682436648,947135.1876861283,31923.519307309434,38791.403342203164,329455.3360672517,125829.0936688893,58495.5941031857,55764.865347763414,355483.087135095,731542.4790996048,3079866.136566451,41355.392646335546,10704907.589213038,186921.48770476508,1323988.2405081075,35382.78181995953,44459.67692538529,25676.678319577855,409395.5547964891
249950.70187076158,1061762.3729201045,132828.02149469173,633026.4010386035,1447846.0808056027,63397.83051431303,495622.21732419933,161374.73944420955,1316569.037166849,494928.32286661223,171827.04189089124,575774.9462121477,249658.4682600628,27913.783116408267,142603.22991596156,59831.60007517072,16264.126702069032,637169.3260601293,437052.1748212498,3424617.728041101,92301.86256294712,577557.7167706199,1567215.7688992706,1028954.528019305,153228.20596275013,182532.0821301225,18625.5672973273,19806.424808940483,983243.4987127951,100382.6788483232,426874.6779601629,38065.426734078894,215223.3682436648,890781.0896173153,31923.519307309434,38791.403342203164,329455.3360672517,30860.65556319757,58495.5941031857,55764.865347763414,355483.087135095,656048.8482533556,1894808.3430849288,41355.392646335546,9700676.720447605,186921.48770476508,403584.0596906491,35382.78181995953,44459.67692538529,15636.174338113702,385258.99333665386
249950.70187076158,1056121.262498541,132828.02149469173,498184.0133810043,1201473.5702959509,63397.83051431303,495622.21732419933,161374.73944420955,1316569.037166849,238046.12654499858,138460.14242775197,519461.8091362051,143141.60137692705,27913.783116408267,89385.8762160709,59831.60007517072,13435.75774913173,610671.233917803,382050.70921464777,3050764.33802156,92301.86256294712,577557.7167706199,1567215.7688992706,960486.4173906145,153228.20596275013,182532.0821301225,18625.5672973273,19424.202252627954,904103.6483682168,100382.6788483232,377181.17346623295,38065.426734078894,213763.4747546504,853595.0967201545,14530.833369936987,38791.403342203164,329428.119824291,30860.65556319757,56667.75070780655,55764.865347763414,147457.44500183003,560288.3529551435,1894808.3430849288,30864.70456552422,7617703.479316253,186921.48770476508,403584.0596906491,35382.78181995953,30376.299147896967,15636.174338113702,358660.79780966847
249950.70187076158,595856.2411472512,132828.02149469173,498184.0133810043,1090263.1671306984,63397.83051431303,466837.3906479448,161374.73944420955,696043.3391068019,238046.12654499858,32088.102583153937,444101.30910953064,143141.60137692705,27913.783116408267,68484.36289432718,59831.60007517072,13435.75774913173,306631.3773672685,181405.2178581029,1161712.3355518538,92301.86256294712,577557.7167706199,1567215.7688992706,956105.0027618275,77767.67250055591,173665.74652442505,18625.5672973273,19424.202252627954,746032.206690603,96073.16533363421,152075.80841079217,38065.426734078894,187999.03094109386,429324.75149226625,14530.833369936987,38791.403342203164,328883.4010470922,30860.65556319757,54400.07376745191,55764.865347763414,147457.44500183003,108536.98352476575,1865554.0846361974,30864.70456552422,4669833.429525846,178632.7937871127,403584.0596906491,35382.78181995953,30376.299147896967,13324.569789281952,358660.79780966847
249950.70187076158,595856.2411472512,132828.02149469173,498184.0133810043,1090263.1671306984,63397.83051431303,381782.44648814196,102240.74322984874,696043.3391068019,206140.38085879714,32088.102583153937,97688.2716566502,137424.42109205038,27861.017677951768,68484.36289432718,59831.60007517072,10356.042656386664,241681.20590630028,155864.55011226912,1161712.3355518538,18122.324106941713,511822.3095044732,1084517.5463947752,913342.3138301771,77767.67250055591,173665.74652442505,16406.129358969374,19424.202252627954,719756.6730076715,96073.16533363421,140286.54072779755,38065.426734078894,187999.03094109386,391782.8153023339,12461.1516790943,38198.77858607762,328883.4010470922,30860.65556319757,54400.07376745191,52940.69613070539,140334.53649831377,108536.98352476575,1524008.0491610153,30173.48593309409,4669833.429525846,178632.7937871127,403584.0596906491,30399.259547026104,25157.79170449096,13324.569789281952,121988.74611422727
249950.70187076158,527825.0559739016,132828.02149469173,323610.8362136948,1090263.1671306984,63397.83051431303,311265.5607036254,102240.74322984874,696043.3391068019,206140.38085879714,28101.070356397628,97688.2716566502,137424.42109205038,27274.64740170602,68484.36289432718,59831.60007517072,10356.042656386664,241681.20590630028,155864.55011226912,1161712.3355518538,18122.324106941713,511822.3095044732,869344.8791501082,549287.6504348745,77767.67250055591,173665.74652442505,16406.129358969374,13880.769006154202,719756.6730076715,78849.40347553095,140286.54072779755,38065.426734078894,123164.02532330542,391782.8153023339,3876.6349196213664,38198.77858607762,328761.9510094067,30860.65556319757,48491.11734247866,52940.69613070539,93556.92289175974,107718.90318736547,1193976.8100119503,29485.13073364527,4669833.429525846,52838.12358714773,403584.0596906491,30399.259547026104,17503.48396574374,13324.569789281952,121988.74611422727
46955.6317914587,527825.0559739016,132828.02149469173,311809.16791083396,1085478.8963400347,63397.83051431303,192103.28885360644,59429.042206991515,445940.2782419723,192413.32353912306,17852.506113460346,80383.8796704868,137424.42109205038,26134.00991379898,68484.36289432718,59831.60007517072,10356.042656386664,241681.20590630028,155864.55011226912,1161712.3355518538,18122.324106941713,511822.3095044732,869344.8791501082,549287.6504348745,77767.67250055591,173665.74652442505,15714.507198628795,13880.769006154202,188571.39618648603,78849.40347553095,140286.54072779755,38065.426734078894,116969.19649976844,391782.8153023339,3876.6349196213664,35506.945005043075,328564.100609676,30860.65556319757,48491.11734247866,52665.9515422795,93556.92289175974,107718.90318736547,1193976.8100119503,29485.13073364527,1927549.295405713,52838.12358714773,90706.92387743328,30399.259547026104,17503.48396574374,13324.569789281952,121988.74611422727
46955.6317914587,321697.12729863223,132790.7419615128,273940.0811365389,989267.45259415,63397.83051431303,192103.28885360644,41974.147183634566,445940.2782419723,183968.33633751032,17852.506113460346,80383.8796704868,137424.42109205038,25962.495579594208,36150.21891884578,59831.60007517072,10356.042656386664,53992.5265624611,155864.55011226912,1161712.3355518538,18122.324106941713,511822.3095044732,869344.8791501082,378369.7810381548,20651.493257448667,172010.54693048992,15714.507198628795,13880.769006154202,188571.39618648603,78849.40347553095,116591.53109986447,38065.426734078894,73491.82574859212,391782.8153023339,3876.6349196213664,22050.66801419724,328564.100609676,29796.560613051446,48491.11734247866,52665.9515422795,93556.92289175974,103694.627153807,854084.6139018028,29485.13073364527,487604.27865023917,13418.89942184227,90706.92387743328,30399.259547026104,17503.48396574374,12424.217727441865,121988.74611422727
46955.6317914587,321697.12729863223,131343.1287518624,253810.71861512848,989267.45259415,62353.70778734212,192103.28885360644,41974.147183634566,415147.4413383799,183968.33633751032,17852.506113460346,80383.8796704868,133399.85434376917,25962.495579594208,36150.21891884578,59831.60007517072,10356.042656386664,53992.5265624611,144075.2473567613,915081.2205206618,16655.167461291847,511822.3095044732,869344.8791501082,378369.7810381548,15926.684622603343,172010.54693048992,12841.79117170966,13880.769006154202,188571.39618648603,78849.40347553095,116591.53109986447,38065.426734078894,73491.82574859212,391782.8153023339,3876.6349196213664,17267.411972068134,308642.13511884346,29796.560613051446,48491.11734247866,33004.06746264667,86851.03117513501,103694.627153807,854084.6139018028,29485.13073364527,487604.27865023917,12111.249755362827,90706.92387743328,22794.933466651502,13748.141747396945,12373.231478133866,121988.74611422727
46955.6317914587,321697.12729863223,126287.55993480732,253810.71861512848,666036.9611255715,58171.41973573409,192103.28885360644,41974.147183634566,374016.7205967596,183968.33633751032,17852.506113460346,32170.23248544918,77515.08581400769,25213.421262474414,36150.21891884578,59831.60007517072,10356.042656386664,30462.103047139557,119611.6370455815,915081.2205206618,16655.167461291847,446399.61047655565,811548.955541662,279619.31702710775,15926.684622603343,172010.54693048992,8970.829593694853,13880.769006154202,188571.39618648603,66942.78520197554,116591.53109986447,38065.426734078894,53542.72961173186,265132.33891203353,3876.6349196213664,17267.411972068134,303381.1896063264,29796.560613051446,48491.11734247866,24330.606701563276,81831.2378887145,101421.42950559435,854084.6139018028,28049.02609937912,370113.97944623133,12111.249755362827,90706.92387743328,19891.700420312143,12077.575379320326,11257.40812879154,121988.74611422727
21545.698568128664,321697.12729863223,122286.39592627686,253810.71861512848,666036.9611255715,58171.41973573409,192103.28885360644,41974.147183634566,370283.48503298877,168613.81670562865,17852.506113460346,18923.462416126207,77515.08581400769,25159.87799484937,36150.21891884578,59186.25515039124,9864.048479490293,30462.103047139557,119611.6370455815,915081.2205206618,16655.167461291847,392556.6194756632,727309.0307766214,279619.31702710775,15926.684622603343,162556.7805381949,8970.829593694853,10285.180933958187,150657.4460943556,64442.62773792829,111575.47599967099,21643.440509392323,53542.72961173186,232890.79742000575,3661.9484881898525,14854.648244867274,303381.1896063264,29796.560613051446,48491.11734247866,24330.606701563276,78287.07764731093,100800.98354958481,757063.1965218616,28049.02609937912,370113.97944623133,12111.249755362827,90706.92387743328,17496.927594982888,12077.575379320326,11257.40812879154,102944.38324161852
21545.698568128664,321697.12729863223,101862.72695631131,226761.868937753,584093.3135493399,51535.954326888066,192103.28885360644,41974.147183634566,370283.48503298877,168613.81670562865,13436.813311941589,18923.462416126207,77515.08581400769,23834.66248684068,28351.544897262196,47220.62467703595,9864.048479490293,30462.103047139557,119611.6370455815,370353.5866155251,16655.167461291847,368537.57144699804,727309.0307766214,279619.31702710775,12338.077090017227,162556.7805381949,8970.829593694853,10285.180933958187,150657.4460943556,49769.84442363973,111575.47599967099,21643.440509392323,53542.72961173186,232890.79742000575,3592.283975966638,12679.00979495344,303381.1896063264,29522.233959813988,48491.11734247866,24330.606701563276,78287.07764731093,55861.54029073501,729186.9386233483,28049.02609937912,370113.97944623133,12111.249755362827,89737.3379880021,17496.927594982888,12077.575379320326,11257.40812879154,59609.70330026723
21545.698568128664,321697.12729863223,101862.72695631131,212898.38284519492,556593.0229227255,51535.954326888066,118409.09073885104,41974.147183634566,368196.6056878483,168595.58245665077,13436.813311941589,17388.441218262058,74686.11316657458,23834.66248684068,23728.467911123626,47220.62467703595,9864.048479490293,28486.11666729978,118739.01776076549,361685.4461439648,16642.29108156001,353787.31231673766,727309.0307766214,279619.31702710775,12338.077090017227,162556.7805381949,8970.829593694853,6619.944000029297,116739.11044952675,49769.84442363973,111575.47599967099,21643.440509392323,53542.72961173186,232890.79742000575,3592.283975966638,12679.00979495344,303381.1896063264,29522.233959813988,41051.75902928995,21684.520988510154,62142.332684442095,55861.54029073501,505507.5354786213,28049.02609937912,370113.97944623133,10413.271816821023,80712.97117833432,17496.927594982888,12077.575379320326,11257.40812879154,17481.95249251302
12864.9453087035,306897.02745707333,101862.72695631131,212898.38284519492,556593.0229227255,51535.954326888066,118409.09073885104,38970.22286216519,260027.61108446107,166636.46590210736,13436.813311941589,14212.891199172538,54717.9242417985,23834.66248684068,23728.467911123626,47220.62467703595,9864.048479490293,28432.28939986361,99375.82366559416,317895.3289682275,15035.281499300221,353787.31231673766,722140.1079395432,279619.31702710775,12338.077090017227,162556.7805381949,8970.829593694853,5439.914216117684,116739.11044952675,49534.93798117004,109594.43015362375,21643.440509392323,46296.13763453746,232890.79742000575,3592.283975966638,12136.627777605663,303381.1896063264,19376.78509257875,41051.75902928995,21684.520988510154,62142.332684442095,53510.82056284948,505507.5354786213,27515.216146047474,370113.97944623133,10413.271816821023,35185.76464730674,17496.927594982888,12077.575379320326,10957.074918764452,17481.95249251302
12864.9453087035,272267.43192221655,93050.88661522683,205884.37003720307,556593.0229227255,51535.954326888066,118409.09073885104,28437.762428416645,181848.21727419525,166636.46590210736,13436.813311941589,14212.891199172538,11515.367759285911,22552.57800615441,23728.467911123626,47220.62467703595,7912.013322939124,27741.526232597156,99375.82366559416,317895.3289682275,15035.281499300221,309754.86843060947,620079.0989026953,200330.54949262863,12338.077090017227,162556.7805381949,8828.500460869509,5207.887032627084,85610.82369066997,49534.93798117004,89357.32470274356,21619.7055762776,46296.13763453746,228836.12323353207,3592.283975966638,11445.370050891896,299459.05164556677,19376.78509257875,41051.75902928995,17035.55086765263,62142.332684442095,38983.02995085622,505507.5354786213,27515.216146047474,370113.97944623133,10413.271816821023,35185.76464730674,17496.927594982888,12077.575379320326,10885.28215044692,17481.95249251302
12120.877484746441,223823.56844117792,93050.88661522683,205884.37003720307,556593.0229227255,48474.93434699254,118409.09073885104,28437.762428416645,181848.21727419525,142942.01254389976,13436.813311941589,13998.552748222395,11515.367759285911,22552.57800615441,11936.641895679617,47220.62467703595,7164.376228338049,27741.526232597156,33585.5295974246,317895.3289682275,14707.43146188483,309754.86843060947,620079.0989026953,200330.54949262863,12044.890568590587,162556.7805381949,8828.500460869509,5207.887032627084,42860.74224441088,48377.779238917254,83579.43740409488,15078.472083298318,46296.13763453746,162135.9220354885,3411.9579500713153,11445.370050891896,299459.05164556677,19376.78509257875,39788.898442780985,17035.55086765263,54150.268741241656,26186.700790075156,505507.5354786213,25837.913655356555,54613.09322214252,10413.271816821023,35185.76464730674,17236.96822076114,11953.997122936285,10885.28215044692,16385.360124453295
12120.877484746441,206609.2034980095,86828.9625139038,205464.84937525296,556593.0229227255,48474.93434699254,118409.09073885104,28437.762428416645,109308.44214091853,99246.26410063673,13053.097638290972,13936.659646651755,11515.367759285911,22552.57800615441,11936.641895679617,47220.62467703595,7164.376228338049,18322.264986170918,14677.071672720744,300430.0871232796,14677.377549050812,309754.86843060947,540756.4455919126,200330.54949262863,12044.890568590587,162326.73971135967,8828.500460869509,5207.887032627084,39491.84780110505,48377.779238917254,77130.5511569754,15006.294609194489,46296.13763453746,162135.9220354885,3411.9579500713153,11445.370050891896,290205.86440728424,19302.65608009277,39788.898442780985,17035.55086765263,54150.268741241656,26186.700790075156,502823.91905756906,24873.908545449784,54130.630100355025,10413.271816821023,29953.913772586555,17187.562294831965,11369.35981716299,10885.28215044692,16385.360124453295
12120.877484746441,175065.55442647624,86828.9625139038,205204.62687540532,556593.0229227255,48474.93434699254,118409.09073885104,27144.55037859278,102420.26341310715,99246.26410063673,13053.097638290972,13936.659646651755,11515.367759285911,22090.065058672044,11936.641895679617,40472.858769480124,7164.376228338049,18322.264986170918,14677.071672720744,300430.0871232796,14677.377549050812,289451.2037435499,540756.4455919126,200330.54949262863,12044.890568590587,154867.08693281867,8828.500460869509,5207.887032627084,30167.35516240206,47806.460686218474,77130.5511569754,14997.545916436824,46296.13763453746,160414.22944947617,3397.6658430300645,11445.370050891896,290205.86440728424,19302.65608009277,37377.005061789016,17035.55086765263,54150.268741241656,25085.33542504298,502823.91905756906,24873.908545449784,54130.630100355025,10413.271816821023,29953.913772586555,17187.562294831965,11369.35981716299,10884.444468357753,16199.202747684383
12120.877484746441,154612.82870556723,73330.46341532403,203926.58704961062,514809.52034894115,47636.22554026053,58219.329858381745,27144.55037859278,102420.26341310715,95463.34559396787,13053.097638290972,11402.359701206953,8876.91244926631,19726.018321160554,11936.641895679617,40472.858769480124,7141.663689318834,18224.123232994385,14677.071672720744,175008.07520556604,14677.377549050812,289451.2037435499,534751.4870437997,200330.54949262863,12044.890568590587,151508.27760553226,8828.500460869509,5207.887032627084,27406.17703091292,47379.83463662323,76514.61172426096,14997.545916436824,35747.1681197616,160414.22944947617,3194.3396308513743,11445.370050891896,290205.86440728424,18692.279478922323,37050.00874000162,17035.55086765263,45251.44137530464,24992.027173934315,469945.4701799985,23551.4921800516,37797.367002320665,10413.271816821023,29384.568529716056,15002.133170681249,11369.35981716299,10884.444468357753,16199.202747684383
12120.877484746441,154612.82870556723,73330.46341532403,202875.49833852184,514809.52034894115,47636.22554026053,42298.8230144751,27144.55037859278,92085.78878036128,95463.34559396787,11528.580309187877,11402.359701206953,8876.91244926631,19712.89213327424,9935.340111079824,40472.858769480124,7103.415932020414,18224.123232994385,13152.71585798555,175008.07520556604,14676.33729148058,289451.2037435499,487309.6435332614,148266.49062312595,12044.890568590587,133287.6254382177,8528.335446571557,5207.887032627084,27406.17703091292,46690.99185018144,76514.61172426096,14997.545916436824,35747.1681197616,160414.22944947617,3194.3396308513743,11445.370050891896,275984.8938894994,15851.911571814147,37050.00874000162,17035.55086765263,41539.288414567316,14456.299419309184,465183.56669947196,23551.4921800516,16089.763301162064,7663.544877799657,15086.20803723354,15002.133170681249,11262.759085008234,10043.055719919314,15956.363176522402
12120.877484746441,145566.80603642552,72381.72895761061,202875.49833852184,514809.52034894115,47636.22554026053,42298.8230144751,27144.55037859278,86349.22451408759,95463.34559396787,11528.580309187877,9635.877256859027,8876.91244926631,18990.45578951934,9802.150756672323,40472.858769480124,6837.271289284334,17574.04157325637,12034.927372144168,147554.64648962088,14632.8046785326,281787.9786987256,487309.6435332614,132427.96530606324,12044.890568590587,133287.6254382177,8306.794121182691,5207.887032627084,26629.55703372838,46690.99185018144,76514.61172426096,14997.545916436824,35747.1681197616,136051.90169194055,3181.164570566297,11445.370050891896,275984.8938894994,14224.027460453786,37050.00874000162,16560.602808060707,41539.288414567316,14456.299419309184,436918.369681647,23457.544749480257,16089.763301162064,7663.544877799657,15086.20803723354,15002.133170681249,11262.759085008234,9691.622424250114,12811.659063751955
12120.877484746441,145566.80603642552,72381.72895761061,202875.49833852184,458575.2835481707,47593.16126538892,42298.8230144751,27144.55037859278,86349.22451408759,95463.34559396787,9226.32770209832,7694.2291064871515,8876.91244926631,18990.45578951934,9802.150756672323,40472.858769480124,6633.066220523147,17574.04157325637,11425.923538796394,147554.64648962088,14632.8046785326,278794.9384772967,455432.6319931497,114172.71622037876,12044.890568590587,133287.6254382177,8306.794121182691,5200.482374585108,26629.55703372838,45886.57209147661,76514.61172426096,13347.026773838652,35747.1681197616,136051.90169194055,2662.6087218030525,11445.370050891896,275984.8938894994,14224.027460453786,31852.538336070655,16560.602808060707,41539.288414567316,14456.299419309184,436918.369681647,23229.048075438273,16089.763301162064,7663.544877799657,15086.20803723354,15002.133170681249,11189.35309754058,9540.869594055992,12811.659063751955
12120.877484746441,145566.80603642552,72198.69077296671,156348.11311091762,458575.2835481707,46095.19002312958,33825.46925294364,27144.55037859278,86349.22451408759,95463.34559396787,9226.32770209832,7694.2291064871515,8876.91244926631,18227.241553094333,9802.150756672323,40472.858769480124,6633.066220523147,17021.77047178751,11425.923538796394,147554.64648962088,14051.57431534693,278794.9384772967,440427.698177251,114172.71622037876,11088.296951034015,127215.44490313546,8306.794121182691,5200.482374585108,25883.770576067924,43915.58618681999,76213.75427326953,13347.026773838652,35747.1681197616,136051.90169194055,2662.6087218030525,11445.370050891896,275984.8938894994,14224.027460453786,31852.538336070655,16560.602808060707,41539.288414567316,11002.866379118543,436682.2853023659,23229.048075438273,16089.763301162064,7288.146417276341,15086.20803723354,14324.384706088189,11129.150385306817,9540.869594055992,12811.659063751955
12120.877484746441,145566.80603642552,72198.69077296671,143951.58939939243,452244.952955435,45449.14624103057,33742.330873739906,27144.55037859278,86349.22451408759,95463.34559396787,9226.32770209832,7694.2291064871515,8876.91244926631,17013.169673818047,9802.150756672323,35095.227302780804,6633.066220523147,17021.77047178751,11425.923538796394,145261.27490394973,14051.57431534693,276338.65045204206,440427.698177251,114172.71622037876,11088.296951034015,127215.44490313546,8252.703719534882,5200.482374585108,25883.770576067924,43915.58618681999,76028.10545108344,13347.026773838652,35631.17507966531,118105.30297251565,2585.5583052603706,11444.568009127524,275984.8938894994,14224.027460453786,31852.538336070655,16560.602808060707,39859.506489554566,9792.771555971687,436682.2853023659,23229.048075438273,16089.763301162064,7080.838162037633,15086.20803723354,14324.384706088189,11118.600896983517,9528.03109392786,12811.659063751955
12120.877484746441,144909.3998401498,43594.89767619838,143951.58939939243,452244.952955435,45428.63449654389,33742.330873739906,27144.55037859278,69792.21145504867,55800.50869861602,9226.32770209832,7694.2291064871515,8876.91244926631,17013.169673818047,9802.150756672323,35095.227302780804,6550.690039329529,17021.77047178751,10597.42498537739,45610.16933202696,14051.57431534693,258637.4898308355,439059.8340329522,114000.63169988585,11088.296951034015,126710.7528870325,8224.364418639008,5197.434874099357,24752.795362395904,43618.46852012508,75872.50204678571,13347.026773838652,28458.211971608456,118105.30297251565,2532.536191609599,11338.373544558915,259726.87846616574,11528.914202289798,31852.538336070655,15074.548385889517,39859.506489554566,9792.771555971687,369873.059450198,23229.048075438273,16089.763301162064,7052.26835728669,14276.987550723887,12930.278195101288,11008.616525749443,9528.03109392786,12263.607116744848
12045.213714656906,144909.3998401498,41067.46389844299,143951.58939939243,428552.89701498166,45349.339156080154,33741.00858048418,27005.884604068797,57831.328953113574,55800.50869861602,9209.998643646635,7694.2291064871515,8876.91244926631,17013.169673818047,9493.905702876735,35095.227302780804,6550.690039329529,16517.852744216798,10239.576398674646,45610.16933202696,14051.57431534693,256594.13538678447,439059.8340329522,103729.06192141607,10570.860264496521,116699.00324994765,8224.364418639008,5197.434874099357,24752.795362395904,43618.46852012508,75872.50204678571,13347.026773838652,28458.211971608456,86938.10983117706,2532.536191609599,11338.373544558915,259726.87846616574,11528.914202289798,31852.538336070655,14390.286367172977,39859.506489554566,8752.353897328618,369873.059450198,23229.048075438273,16089.763301162064,6938.49947434911,14276.987550723887,12930.278195101288,11008.616525749443,9528.03109392786,11621.540099188664
12045.213714656906,136154.26790352733,41067.46389844299,143951.58939939243,428552.89701498166,45318.57959578465,33741.00858048418,26258.066924414892,56936.493689907526,55800.50869861602,9209.998643646635,7694.2291064871515,8876.91244926631,15085.003469966043,9329.103533137437,34834.73546263246,5858.806342952416,16517.852744216798,9870.23060035749,45610.16933202696,14051.57431534693,255445.7090717217,438889.6073774087,103729.06192141607,10570.860264496521,116699.00324994765,8224.364418639008,5197.434874099357,18327.42596705365,38663.86771483066,70895.77469830454,13347.026773838652,28458.211971608456,86938.10983117706,2507.849516533396,11338.373544558915,259726.87846616574,10597.18633561383,31852.538336070655,14390.286367172977,39859.506489554566,8752.353897328618,369873.059450198,23054.081702703945,16089.763301162064,6841.105982090317,14275.731862432604,12930.278195101288,11008.616525749443,9528.03109392786,10915.742339005104
12045.213714656906,135458.78069822807,40868.865707082514,142180.3365258809,428552.89701498166,45313.53371164535,31453.088129482952,26258.066924414892,29092.90202752834,55800.50869861602,9209.998643646635,7694.2291064871515,8876.91244926631,11770.569039679882,8622.289501459121,34582.7993824962,5858.806342952416,16517.852744216798,9870.23060035749,45610.16933202696,14051.57431534693,236194.92973448944,434533.0595579974,103377.91045507773,10570.860264496521,116699.00324994765,8219.249413291729,5197.434874099357,18327.42596705365,36796.89470379677,65154.1326292943,13347.026773838652,27306.681892454562,86938.10983117706,2251.25181071793,11329.85025397642,251546.84586429695,7855.963305397509,31852.538336070655,14390.286367172977,39859.506489554566,8752.353897328618,329915.5744713601,22276.616786952232,14767.492752427675,6585.520507373055,14275.731862432604,12930.278195101288,11004.784518307031,9528.03109392786,10915.742339005104
12045.213714656906,129951.33232182295,37900.886989871426,142180.3365258809,428552.89701498166,44806.96532638341,31129.136662628545,26258.066924414892,29092.90202752834,55800.50869861602,9209.998643646635,7694.2291064871515,8876.91244926631,7862.079562410236,8622.289501459121,34582.7993824962,5858.806342952416,16517.852744216798,9770.628219775905,45610.16933202696,14051.57431534693,234912.8942672719,434533.0595579974,103377.91045507773,10570.860264496521,116699.00324994765,8192.342818239002,5197.434874099357,17665.0505925093,32821.837985146376,63402.1855043243,13347.026773838652,27306.681892454562,86938.10983117706,2251.25181071793,11329.85025397642,251546.84586429695,7855.963305397509,28938.27468405621,14390.286367172977,39859.506489554566,7499.132241483648,329915.5744713601,22276.616786952232,12119.046063995986,6307.294647964134,14275.731862432604,12930.278195101288,11004.784518307031,9528.03109392786,10915.742339005104
12045.213714656906,129951.33232182295,37900.886989871426,141273.74450472533,428552.89701498166,44570.805354471464,29415.43671495054,26103.05686773786,27098.19625986036,55800.50869861602,9193.780677356493,7694.2291064871515,8806.499758111613,7752.737733715702,8530.998290815347,33880.22218614003,5690.226600299461,15925.652395676378,9736.668489403324,38773.61716871187,14051.57431534693,201602.2492243723,410228.3751536624,103377.91045507773,10570.860264496521,98302.10800453673,8163.60422461107,5007.6926964288605,17665.0505925093,30687.9348071403,61122.97109818838,13347.026773838652,27306.681892454562,86938.10983117706,2251.25181071793,11329.85025397642,243857.479286612,7786.054173484446,28938.27468405621,14390.286367172977,39859.506489554566,7358.884244723309,329915.5744713601,22276.616786952232,12119.046063995986,6307.294647964134,13833.219418426244,12930.278195101288,11004.784518307031,9528.03109392786,10915.742339005104
12045.213714656906,129951.33232182295,37900.886989871426,141273.74450472533,352885.9488369436,44570.805354471464,29415.43671495054,26103.05686773786,22708.986337516188,55800.50869861602,9068.953161039319,7607.202831558112,8806.499758111613,7752.737733715702,7986.195804935259,33880.22218614003,5690.226600299461,15704.786738974828,9646.661262073936,38773.61716871187,14051.57431534693,201602.2492243723,410228.3751536624,103377.91045507773,10570.860264496521,95478.30714496052,8163.60422461107,4969.4343816874,17645.784534610335,30687.9348071403,61122.97109818838,13055.286521716072,27283.849833708042,86938.10983117706,2188.5129383709577,11324.320403398599,243857.479286612,7558.791952009027,28938.27468405621,14390.286367172977,31586.398383511518,7358.884244723309,329915.5744713601,22276.616786952232,12119.046063995986,6303.5430537879665,13719.288650032075,12930.278195101288,11004.46910480228,9528.03109392786,10915.742339005104
11907.709513265325,129949.87710973358,35874.13890845484,140151.5606080368,352885.9488369436,44570.805354471464,29415.43671495054,26083.75165533612,22230.571201050152,55800.50869861602,8957.982282006038,7465.1347643482495,8806.499758111613,7605.116248427645,7794.986361259647,33830.56707655518,5690.226600299461,15047.966549938159,9607.412197515161,38773.61716871187,13853.89998053783,201602.2492243723,402530.59994658007,103353.83311330066,10515.926784889276,95478.30714496052,8163.60422461107,4969.4343816874,17645.784534610335,30687.9348071403,50266.36757348052,13055.286521716072,27283.849833708042,86938.10983117706,2188.5129383709577,11324.320403398599,239673.17426732442,7558.791952009027,28938.27468405621,14390.286367172977,31586.398383511518,5781.190048473495,266153.39482454595,22276.616786952232,10243.871389492348,6303.5430537879665,13553.226503536498,12930.278195101288,11004.46910480228,9528.03109392786,10915.742339005104
11907.709513265325,124149.66112870691,34713.39216612034,140151.5606080368,352885.9488369436,44570.805354471464,24274.070590160223,25925.842311526583,22230.571201050152,54099.89660153735,8957.982282006038,7465.1347643482495,8806.499758111613,7602.705992733194,7794.986361259647,32810.06260761755,5631.583811556684,15047.966549938159,9607.412197515161,38773.61716871187,13853.89998053783,201602.2492243723,402530.59994658007,102020.73861035769,10515.926784889276,95478.30714496052,8163.60422461107,4969.4343816874,16659.581908895347,30687.9348071403,43555.67854650367,13051.410601368256,27283.849833708042,86938.10983117706,2176.0457482092156,11318.531583197642,236075.15042857203,7558.791952009027,28938.27468405621,14390.286367172977,31583.65709205432,5781.190048473495,266153.39482454595,22196.182642326046,9486.896840845511,6303.5430537879665,13490.56286971592,12930.278195101288,10995.089969940687,9528.03109392786,10915.742339005104
11907.709513265325,118014.26608925818,34713.39216612034,140151.5606080368,352885.9488369436,44129.205726525055,24274.070590160223,25925.842311526583,22230.571201050152,54099.89660153735,8957.982282006038,7464.2927832295445,8652.285791561808,7602.705992733194,7794.986361259647,32810.06260761755,5562.741619359395,15042.702274081603,9571.742963170416,36393.60733518893,13853.89998053783,201602.2492243723,401932.93987814547,99337.5645071377,10515.926784889276,95478.30714496052,8163.60422461107,4969.4343816874,16557.826823399737,29613.554437173327,43555.67854650367,13051.410601368256,27283.849833708042,86938.10983117706,2176.0457482092156,11318.531583197642,236075.15042857203,7520.427712527656,26724.61576963016,14390.286367172977,31494.89580964246,5781.190048473495,266153.39482454595,22109.70689812849,9486.896840845511,6303.407397840496,13490.56286971592,12930.278195101288,10995.089969940687,9528.03109392786,10915.742339005104
11903.73434475822,118014.26608925818,34713.39216612034,138357.51454507082,352885.9488369436,44129.205726525055,24274.070590160223,25925.842311526583,21646.40810986439,54099.89660153735,8957.982282006038,7464.2927832295445,8652.285791561808,7153.9353230047345,7794.986361259647,32810.06260761755,5543.408206335784,15042.702274081603,9571.742963170416,35291.81563603218,13853.89998053783,201602.2492243723,401932.93987814547,90360.11308746389,10201.937003131708,71392.1146859483,8153.722567468632,4969.4343816874,15235.138435012437,29208.906642856084,42946.931936627276,12973.222847635652,27271.218024097463,86938.10983117706,2176.0457482092156,11318.531583197642,234576.2949496421,7398.396559791614,26724.61576963016,14390.286367172977,24274.958811286167,5781.190048473495,265538.90744831256,22109.70689812849,9486.896840845511,6139.211327843659,13441.888807640365,12864.845994558571,10995.089969940687,9526.443274004527,10605.930868901492
11876.63688705995,118014.26608925818,34713.39216612034,137875.31752805013,352885.9488369436,44129.205726525055,24274.070590160223,25925.842311526583,21241.926245209386,54099.89660153735,8957.982282006038,7444.329291047017,8643.001368760544,7153.9353230047345,7406.76160833527,32810.06260761755,5543.408206335784,15042.702274081603,9529.482829820872,35291.81563603218,13706.07119045706,201602.2492243723,399610.5697405016,90360.11308746389,10201.937003131708,71392.1146859483,8153.722567468632,4969.4343816874,14917.933724673376,29115.575757839062,42946.931936627276,12973.222847635652,26607.949707408305,86938.10983117706,2176.0457482092156,11318.531583197642,233482.84719339083,7263.884076049802,26724.61576963016,14105.35482152011,23549.68456586571,5781.190048473495,263259.2445938197,22105.30781269988,9486.896840845511,6139.211327843659,13393.170696130645,12864.845994558571,10992.000770851333,9526.443274004527,10095.007116327177
11829.935153356975,116796.62498945332,34421.18115443017,137875.31752805013,352885.9488369436,44129.205726525055,24274.070590160223,25925.842311526583,21106.481061068298,53538.879086332825,8899.738935773072,7209.319005081277,8643.001368760544,7153.9353230047345,7247.89678294357,32783.47687108308,5543.408206335784,14641.352431859641,9517.27693665392,31785.961308181304,13706.07119045706,201602.2492243723,396461.19932789134,90360.11308746389,10200.804738483464,71392.1146859483,8153.722567468632,4963.410231704516,14834.811777766929,25967.295679347088,42946.931936627276,12955.883459598845,26116.975475445768,86938.10983117706,2176.0457482092156,11318.531583197642,233482.84719339083,7255.804870088898,26724.61576963016,14105.35482152011,23223.429550845925,5781.190048473495,238981.8088000877,22102.408955637875,9486.896840845511,6035.631950153021,13393.170696130645,12770.970285254933,10989.433255236487,9472.716908418617,10029.653893676275
11829.935153356975,92587.33317799885,31541.28519960626,137875.31752805013,352885.9488369436,43389.3399082546,24274.070590160223,25925.842311526583,21106.481061068298,52623.16523126988,8828.7633216471,7209.319005081277,8643.001368760544,7153.9353230047345,7247.89678294357,32783.47687108308,5540.026427445337,14546.51055081189,9517.27693665392,30942.993889614918,13699.836417816457,201602.2492243723,386452.55226400885,90360.11308746389,10200.804738483464,70028.63785490935,8079.989671344402,4963.410231704516,13497.913530125503,22190.669393734363,41267.69363993529,12951.982891528613,24833.022831382517,86803.1814563301,2176.0457482092156,11318.531583197642,231644.696489967,7106.981387299978,26724.61576963016,13488.593952175004,21357.653176697022,5500.785974743324,226829.61080977684,22025.19157487843,9486.896840845511,6035.631950153021,13293.14929571435,12770.970285254933,10968.374944137871,9472.716908418617,9337.998278503666
11705.283753840566,90551.55260981033,30123.938758389693,137717.9964223643,328263.9166298361,43389.3399082546,21752.956657518684,25828.413410209516,18669.110735199345,49092.663988376145,8828.7633216471,7209.319005081277,8641.721398976106,6864.359137928602,7247.89678294357,32783.47687108308,5533.508356213821,14437.617370546286,9507.159047763867,25523.50170364912,13661.216153029756,190093.7344410044,383629.17220076383,86672.1508201761,10200.804738483464,70028.63785490935,8079.989671344402,4963.410231704516,13497.913530125503,20813.276726292537,39787.235703248894,12949.003575991868,24833.022831382517,86803.1814563301,2176.0457482092156,11318.531583197642,229746.48390326527,6865.02906656593,26724.61576963016,13488.593952175004,21357.653176697022,5038.192389900505,212863.5291734287,22025.19157487843,9486.896840845511,5998.6242238652585,13286.788688821629,12770.970285254933,10946.054812308348,9455.484793782687,9337.998278503666
11705.283753840566,90551.55260981033,30123.938758389693,137012.92053573043,328263.9166298361,43389.3399082546,21317.50084419844,25828.413410209516,18669.110735199345,49092.663988376145,8828.7633216471,7209.319005081277,8471.227205077128,6454.3414894769585,7247.89678294357,32614.85667681702,5533.508356213821,14230.027511790106,9496.372524985301,19600.953793004817,13651.464885060084,186751.50829128613,376636.20708022837,85096.06018021147,10042.68253561062,70028.63785490935,8079.989671344402,4963.410231704516,13497.913530125503,18516.874226760356,39787.235703248894,12949.003575991868,24371.84081618545,86784.68507646723,2146.715082394004,11308.06069089841,226549.84206647944,6865.02906656593,23467.617439818252,13399.498497532104,21279.59901912254,5038.192389900505,212863.5291734287,22025.19157487843,9486.896840845511,5992.261570249544,13286.788688821629,12770.970285254933,10939.379299164828,9455.484793782687,9337.998278503666
11705.283753840566,90551.55260981033,30123.938758389693,136165.50438400975,314225.18432794674,41385.15921114637,17626.281203941176,25818.043295683718,18652.251037125363,49092.663988376145,8828.7633216471,7209.319005081277,8471.227205077128,5368.897469523299,7219.630253533014,32612.773370044117,5533.508356213821,14176.880080575644,9496.372524985301,19600.953793004817,13646.346751014296,185728.21915797362,373650.23304497194,85096.06018021147,10042.68253561062,70021.52363461095,8079.989671344402,4963.410231704516,13196.549507513426,18516.874226760356,38353.97985613582,12933.941103801058,24371.84081618545,86784.68507646723,2146.715082394004,11307.993586463357,226549.84206647944,6865.02906656593,23467.617439818252,13321.008553763108,21279.59901912254,5025.531893145374,173360.95327843455,21998.791098385977,9486.896840845511,5992.261570249544,13286.788688821629,12770.970285254933,10938.810515159917,9455.484793782687,9337.998278503666
11637.952713199411,90551.55260981033,30123.938758389693,135173.36799129486,314225.18432794674,40872.66271152723,17626.281203941176,25737.980835262722,18203.81425162685,49092.663988376145,8827.742170292677,7209.319005081277,8417.112553913908,5234.954137028429,7219.630253533014,32582.86497730062,5533.508356213821,14176.880080575644,9392.193989467352,19600.953793004817,13639.303306074296,171426.72821120673,368940.5619701703,85096.06018021147,10042.68253561062,63394.87525731146,7966.445538804139,4936.087103601147,13196.549507513426,18516.874226760356,38353.97985613582,12903.944177937601,24371.84081618545,86784.68507646723,2129.2795657693273,11307.93797062845,222398.15303195012,6865.02906656593,23467.617439818252,13321.008553763108,21279.59901912254,4936.31659350052,173360.95327843455,21998.791098385977,9486.896840845511,5989.037761910333,13284.485478303075,12770.970285254933,10938.810515159917,9455.484793782687,9337.998278503666
11637.952713199411,90551.55260981033,28947.292170915676,134565.43527884912,272879.14411242335,40872.66271152723,17079.105069707253,25737.980835262722,18200.326535917044,49092.663988376145,8827.742170292677,7209.319005081277,8417.112553913908,5234.954137028429,7219.630253533014,32582.86497730062,5522.374127481273,14172.615702798801,9346.154608532162,19581.419033455204,13639.303306074296,165676.62068240318,368940.5619701703,85096.06018021147,10042.68253561062,63394.87525731146,7966.445538804139,4891.486896590752,13196.549507513426,18051.030986221303,36840.69247624152,12903.944177937601,24255.295780117478,86784.68507646723,2028.2047012454614,11307.93797062845,222398.15303195012,6810.999070025745,23467.617439818252,13168.320648983155,20578.286632247808,4747.208273230239,173360.95327843455,21954.920466074556,9486.896840845511,5989.0326713691475,13284.485478303075,12770.970285254933,10932.389651524198,9423.942606891136,9337.998278503666
11634.137370244056,86447.6975874876,28019.448459960167,131470.80118988728,272879.14411242335,40872.66271152723,17079.105069707253,25737.980835262722,18200.326535917044,49092.663988376145,8823.176525256684,7209.319005081277,8417.112553913908,5234.954137028429,7219.630253533014,32524.979074741204,5522.374127481273,14172.615702798801,9346.154608532162,19005.212653302446,13583.786839320243,165676.62068240318,368689.2030168167,85096.06018021147,10042.68253561062,61696.946088545476,7966.445538804139,4714.160612226609,13116.447851342033,17901.041625613383,36840.69247624152,12903.944177937601,24255.295780117478,86784.68507646723,2028.2047012454614,11307.93797062845,219552.05169776775,6670.38804799594,23467.617439818252,13168.320648983155,20167.21506028467,4747.208273230239,173360.95327843455,21954.920466074556,9486.896840845511,5989.0326713691475,13284.485478303075,12770.970285254933,10928.012715118577,9423.942606891136,9337.998278503666
11625.934099651538,86447.6975874876,28019.448459960167,129195.34187821008,272715.6797440711,40771.653219665044,17079.105069707253,25394.546631317673,18080.612096956233,49092.663988376145,8805.713425425974,7131.490791368956,8417.112553913908,5234.954137028429,7055.037967808888,32305.537325949037,5503.604507074698,14170.895667934867,9346.154608532162,14393.3415577774,13583.786839320243,151148.75225237556,360171.3482772161,83621.17697451833,10004.75931371966,53572.00803194701,7838.908684155114,4714.160612226609,13116.447851342033,17901.041625613383,36840.69247624152,12895.54503088774,23059.140837503393,85454.23031459736,2025.407632488891,11295.130443145928,217277.2095822795,6670.38804799594,22811.214735453555,13046.577051249522,20167.21506028467,4747.208273230239,173360.95327843455,21916.352541494383,9486.896840845511,5989.0326713691475,13110.959424562705,12770.970285254933,10928.012715118577,9423.942606891136,9337.998278503666
11625.934099651538,86447.6975874876,28019.448459960167,129195.34187821008,271500.12561465835,40771.653219665044,17079.105069707253,25392.9627199255,18080.612096956233,49092.663988376145,8781.643691837475,6772.1433281226,8417.01083080037,5201.5027942253055,6998.866004725675,32120.771171627905,5503.604507074698,14164.011764391838,9346.154608532162,14393.3415577774,13583.786839320243,148003.77037208498,360114.92969413777,83503.7251225518,10004.75931371966,53572.00803194701,7819.030347533465,4602.640548975345,13043.798576995472,17901.041625613383,36840.69247624152,12887.544431731423,23048.1452753926,85454.23031459736,2003.7086694900622,11295.130443145928,214390.4811503071,6670.38804799594,22811.214735453555,13046.577051249522,20167.21506028467,4641.323721948383,171311.5261029645,21915.310399607813,9485.389128552075,5989.0326713691475,13068.210987149947,12770.970285254933,10928.012715118577,9423.942606891136,9337.998278503666
11625.934099651538,86447.6975874876,28019.448459960167,129195.34187821008,267431.2462184154,40771.653219665044,17078.613304482467,25392.9627199255,17919.25863452506,49092.663988376145,8718.59289708035,6772.1433281226,8410.990948065635,5190.991246023711,6993.638501246291,32120.771171627905,5503.604507074698,14141.735397518467,9346.154608532162,14393.3415577774,13583.786839320243,134435.85506365844,360114.92969413777,83220.68010436997,10004.75931371966,53572.00803194701,7776.577364400084,4602.640548975345,13043.798576995472,17901.041625613383,36840.69247624152,12887.544431731423,23048.1452753926,85255.47412384367,2003.7086694900622,11292.10925012255,213363.77325752296,6670.38804799594,22811.214735453555,13046.577051249522,19436.208285609602,4641.323721948383,160356.79936357803,21890.323644589967,8848.191916368292,5989.0326713691475,13068.210987149947,12770.970285254933,10928.012715118577,9423.942606891136,9284.963221247384
11590.627313589946,86447.6975874876,28019.448459960167,129195.34187821008,260812.99068449924,40771.653219665044,16688.50206913524,25254.441795527564,17919.25863452506,49092.663988376145,8718.59289708035,6772.1433281226,8399.433263102212,5069.815543857329,6993.638501246291,31537.450740706314,5460.961267330897,14141.735397518467,9223.314725795586,14393.3415577774,13582.5509475511,125728.50495357977,359556.7117389885,83220.68010436997,10004.75931371966,53572.00803194701,7776.577364400084,4602.640548975345,12987.010833353555,17901.041625613383,36778.73952168936,12886.067893083167,23037.438575383112,81746.8630131398,1989.999406811205,11288.012492461175,213363.77325752296,6670.38804799594,22811.214735453555,13046.577051249522,19436.208285609602,4641.323721948383,150739.19772256177,21890.323644589967,8576.84011050788,5989.0326713691475,13068.210987149947,12770.970285254933,10925.633634776943,9404.787881844779,9266.672018581288
11569.18931181766,86447.6975874876,28019.448459960167,129195.34187821008,254353.2253138651,40771.653219665044,16688.50206913524,25125.82402774788,17919.25863452506,49092.663988376145,8718.59289708035,6707.168045583509,8373.351114400206,4852.951580991962,6982.494748134739,31537.450740706314,5460.961267330897,14140.644912857006,9056.5303107707,14393.3415577774,13566.31855897875,125728.50495357977,359556.7117389885,83161.50304947187,9996.4388599766,53572.00803194701,7776.577364400084,4602.640548975345,12834.335730008721,17812.478091376877,36433.58186786849,12886.067893083167,23037.438575383112,81746.8630131398,1989.999406811205,11288.012492461175,208057.1533232396,6670.38804799594,22677.792636952378,13046.577051249522,19436.208285609602,4637.120952846897,150739.19772256177,21767.02471024041,8576.84011050788,5989.0326713691475,13066.0783699969,12770.970285254933,10925.633634776943,9404.787881844779,9266.181440761591
11558.405926922711,86447.6975874876,28016.391374944706,128268.74408551255,250776.56754468827,40249.66033336262,16311.861533215153,25125.82402774788,17919.25863452506,46148.426763445044,8712.7728367866,6707.168045583509,8373.351114400206,4843.640222537004,6982.494748134739,31537.450740706314,5458.224373674666,14130.060586577089,9056.5303107707,14393.3415577774,13457.292383881948,125728.50495357977,357581.91712919896,81287.01124678987,9996.4388599766,46088.150730070105,7776.577364400084,4592.420835379183,12833.181945336335,17719.133973318738,36414.74325593419,12876.227650445193,23037.438575383112,80925.90819071265,1989.999406811205,11268.598963915949,208057.1533232396,6670.38804799594,22196.693667238123,13021.447175642965,19436.208285609602,4637.120952846897,127725.57344000375,21767.02471024041,8576.84011050788,5989.0326713691475,13066.0783699969,12769.956494441813,10925.633634776943,9392.064722446119,9266.181440761591
11526.49339258287,84243.53031606055,26409.50612290479,128268.74408551255,250631.32872593045,40249.66033336262,16311.861533215153,24955.705484859143,17919.25863452506,46148.426763445044,8711.397202334294,6707.168045583509,8373.351114400206,4809.195610054592,6948.106555991579,31537.450740706314,5458.224373674666,14130.060586577089,9056.5303107707,13208.923636017043,13457.292383881948,125728.50495357977,357336.1264338507,81028.5684910983,9996.4388599766,46088.150730070105,7776.577364400084,4372.818624910745,12686.853780281132,17430.04633355904,36355.694792326,12871.674051323203,23037.438575383112,80464.04366736785,1989.999406811205,11268.598963915949,208057.1533232396,6657.7337706980425,20714.525148183788,12998.961519637736,19436.208285609602,4637.120952846897,127725.57344000375,21762.67214848112,8469.367004159954,5989.0326713691475,13066.0783699969,12769.658899538455,10925.633634776943,9392.064722446119,9251.571251157
11510.090451411315,84243.53031606055,26409.50612290479,128268.74408551255,243748.0737338062,40017.27171229972,16311.861533215153,24815.297066424224,17919.25863452506,46148.426763445044,8711.397202334294,6707.168045583509,8373.351114400206,4792.964441093385,6893.534981710633,31537.450740706314,5458.224373674666,14115.392282100245,9056.5303107707,13208.923636017043,13457.292383881948,125728.50495357977,350086.0496562192,81028.5684910983,9996.4388599766,46088.150730070105,7561.503890481634,4372.818624910745,12686.034431006858,17330.579412796003,36004.795108137085,12860.197788480342,22705.343642343378,80312.3879205265,1989.999406811205,11268.598963915949,205271.84599541902,6657.7337706980425,20714.525148183788,12998.961519637736,19125.97941381148,4636.411307526299,120648.91229033268,21687.544136024782,8469.367004159954,5974.67854250975,13066.0783699969,12769.658899538455,10925.633634776943,9390.880214651588,9251.571251157
11488.424373951433,84169.64779581336,26409.50612290479,128268.74408551255,232187.77891882104,39894.37414673562,16182.390074094259,24757.675128474093,17919.25863452506,46148.426763445044,8711.397202334294,6616.841354958833,8373.351114400206,4792.964441093385,6893.534981710633,31537.450740706314,5351.032457873507,14031.183135389216,9056.5303107707,13208.923636017043,13414.576770920972,125246.68408128232,350086.0496562192,81028.5684910983,9985.628013881469,46088.150730070105,7561.503890481634,4372.818624910745,12672.861770361904,17330.579412796003,36004.795108137085,12860.197788480342,22566.05355219236,80312.3879205265,1989.999406811205,11268.598963915949,195160.46179290843,6657.7337706980425,20714.525148183788,12998.961519637736,19125.97941381148,4634.254858556611,120648.91229033268,21687.544136024782,8469.367004159954,5974.67854250975,13066.0783699969,12769.658899538455,10895.278421440771,9390.880214651588,9113.49972462669
11488.424373951433,84016.58620075078,26409.50612290479,127509.36057690425,232187.77891882104,39703.545810996904,16088.818154193335,24362.003668980662,17919.25863452506,46148.426763445044,8710.591121914938,6590.18185201849,8370.84853953058,4731.768219655294,6795.484613162538,31537.450740706314,5351.032457873507,14031.183135389216,9054.45738515638,13202.278028118422,13414.576770920972,125246.68408128232,350086.0496562192,75342.10044889878,9981.099377477674,46088.150730070105,7561.503890481634,4372.818624910745,12672.861770361904,17330.579412796003,35909.34917704461,12858.370232720657,22566.05355219236,80312.3879205265,1989.999406811205,11268.598963915949,195160.46179290843,6657.7337706980425,20714.525148183788,12638.074184289097,19125.97941381148,4634.254858556611,107188.76811709558,21687.544136024782,8469.367004159954,5974.67854250975,13066.0783699969,12769.658899538455,10895.278421440771,9373.695322427826,9113.49972462669
11479.152370793536,82970.93497660808,24702.101074235103,126111.86150152961,232187.77891882104,39703.545810996904,13466.678604879377,24362.003668980662,17919.25863452506,44702.97011528167,8710.408822062851,6590.18185201849,8367.790111772607,4731.586154917047,6795.484613162538,31537.450740706314,5334.253860317851,14024.972131288003,9054.45738515638,11532.61554774416,13414.576770920972,114448.84800454123,318545.68933130783,75342.10044889878,9973.776909934353,46088.150730070105,7561.503890481634,4372.818624910745,12672.861770361904,17327.820446127847,35909.34917704461,12858.370232720657,22123.180099049514,80312.3879205265,1989.999406811205,11268.598963915949,195160.46179290843,6625.478391474562,20714.525148183788,12467.700402588769,19083.28913075594,4634.254858556611,107188.76811709558,21687.247307238285,7326.298699721034,5974.67854250975,13066.0783699969,12769.658899538455,10895.278421440771,9373.695322427826,9113.49972462669
11479.152370793536,81300.22391477233,24702.101074235103,123571.78064822378,232187.77891882104,39636.980072008606,13466.678604879377,24221.57232083701,17914.602333985567,43773.24484679253,8710.408822062851,6590.18185201849,8333.154571016305,4731.586154917047,6788.8122480065795,31534.79102836768,5334.253860317851,14024.972131288003,9051.125925253575,11532.61554774416,13414.576770920972,111390.6744564289,318545.68933130783,75342.10044889878,9973.13757900099,42744.102654556606,7561.503890481634,4372.818624910745,12672.842838586803,17156.105193220676,34829.75464379141,12840.537753878987,22117.062473523165,78138.94218976401,1989.999406811205,11266.491436009206,189148.45691713455,6537.338004691175,20714.525148183788,12467.700402588769,18893.231480956638,4634.254858556611,107188.76811709558,21687.247307238285,7326.298699721034,5974.67854250975,13066.0783699969,12768.695411655684,10894.448129165256,9373.695322427826,9113.49972462669
11479.152370793536,79989.00204117443,22665.33093516195,123571.78064822378,221924.67943356538,39391.431571707086,13466.678604879377,24115.57633516371,17249.509883267485,43518.49886862899,8710.408822062851,6590.18185201849,8314.571117493731,4730.991485499246,6788.8122480065795,31534.79102836768,5304.802098274374,14024.972131288003,8860.507330311404,11467.540057440274,13414.576770920972,111390.6744564289,287277.3913436485,75342.10044889878,9973.13757900099,42744.102654556606,7476.860743715755,4372.818624910745,12672.842838586803,17010.83001943476,34829.75464379141,12840.537753878987,22117.062473523165,78138.94218976401,1970.6396719782128,11266.491436009206,189148.45691713455,6533.57087097163,20714.525148183788,12467.700402588769,18893.231480956638,4634.254858556611,107188.76811709558,21687.247307238285,7326.298699721034,5956.350891134289,13066.0783699969,12767.834772796305,10894.092635315275,9373.695322427826,9103.943294506023
11464.390596352157,78014.21240243272,22665.33093516195,123571.78064822378,214976.00591647442,39391.431571707086,13150.565533305431,24115.57633516371,17249.509883267485,43518.49886862899,8710.408822062851,6590.18185201849,8314.571117493731,4724.127019741428,6745.974508565424,31534.79102836768,5304.802098274374,14012.29309989325,8860.507330311404,11293.869240500357,13409.321023210674,111390.6744564289,287277.3913436485,75342.10044889878,9973.13757900099,42744.102654556606,7476.860743715755,4372.818624910745,12672.842838586803,17007.155490370576,34829.75464379141,12833.814999241758,21987.767135336882,78138.94218976401,1969.9036530364904,11266.491436009206,186531.24593553547,6521.173528158074,20714.525148183788,12467.700402588769,18883.452495298014,4634.254858556611,93945.36150591317,21687.247307238285,7262.796012265475,5956.350891134289,13066.0783699969,12767.834772796305,10891.688101099513,9373.695322427826,9103.765740041548
11457.970212615553,78014.21240243272,20454.49265852201,123571.78064822378,214976.00591647442,39389.70597672528,13150.565533305431,23999.229876988342,17249.509883267485,38914.174905580214,8708.496250998533,6500.561933577667,8290.168932273824,4724.127019741428,6727.51703663003,31515.02153143166,5304.802098274374,14012.29309989325,8860.507330311404,11293.869240500357,13409.321023210674,111390.6744564289,287277.3913436485,74799.4001367698,9973.13757900099,42744.102654556606,7476.860743715755,4365.707438083156,12574.195036110636,17007.155490370576,34829.75464379141,12830.298112736245,21906.239861014765,78138.94218976401,1969.9036530364904,11266.491436009206,183448.6939000463,6516.3988958860855,19870.291674064385,12461.539374637301,18363.935571202943,4634.254858556611,80270.15558409724,21649.05801236466,7262.796012265475,5956.350891134289,13066.0783699969,12767.834772796305,10866.24586112995,9368.152812052105,9054.171462130686
11457.970212615553,78014.21240243272,20454.49265852201,122362.6144916423,175560.33278974195,39389.70597672528,13150.565533305431,23999.229876988342,16890.793238121274,34902.10642011921,8698.806193975708,6021.185479148056,8290.168932273824,4715.929343855494,6727.51703663003,31515.02153143166,5304.802098274374,13993.626755310866,8860.507330311404,11293.869240500357,13409.321023210674,108195.98675007594,287277.3913436485,73498.75376502922,9969.447579432617,42744.102654556606,7421.3528403875625,4356.1787823674,12528.127821376494,16987.550925892625,34570.307890101554,12829.303525339561,21434.673219830125,77857.53683700168,1969.9036530364904,11264.972817643633,182181.5408879468,6511.6919091419795,19814.13348113933,12402.570106817511,18363.935571202943,4634.254858556611,72726.28020374662,21556.904950446653,7262.796012265475,5956.350891134289,13060.895449778709,12767.49544056577,10866.24586112995,9360.61130655423,9013.936833318738
11457.970212615553,77522.54992617425,20454.49265852201,120261.27404129678,175560.33278974195,39389.70597672528,13150.565533305431,23999.229876988342,16890.793238121274,34902.10642011921,8698.806193975708,6021.185479148056,8290.168932273824,4715.868685127106,6727.51703663003,31515.02153143166,5303.620418956393,13979.862683204074,8749.870324623545,11204.443068485543,13409.321023210674,108195.98675007594,264460.74942532816,73498.0624815056,9969.447579432617,38752.32242702452,7421.3528403875625,4327.870668003063,12501.206632078198,16832.228738021302,33016.47272045625,12827.732786055296,21325.57118095623,77849.00677328838,1969.9036530364904,11264.832123684702,182181.5408879468,6491.290954148455,19814.13348113933,12283.041422328344,18241.722524083663,4634.254858556611,72726.28020374662,21556.552966646756,7262.796012265475,5956.350891134289,13021.915356384849,12762.958642950034,10866.24586112995,9360.61130655423,9013.936833318738
11440.7912333617,77522.54992617425,20454.49265852201,114933.4942528991,175560.33278974195,39389.70597672528,12865.966790098493,23636.80845122124,16564.74436911543,34902.10642011921,8682.12742140063,5724.529550720215,8282.10492041315,4710.8682042707605,6659.889308489495,31323.514284679077,5263.932861177803,13971.342382676212,8749.870324623545,11202.050804321218,13409.308337055045,108195.98675007594,259698.6066403476,72975.70878966851,9968.684353851851,36742.618793827874,7419.034525689376,4327.870668003063,12501.206632078198,16832.228738021302,33016.47272045625,12827.339623088195,21119.94755366561,77789.76891294474,1969.9036530364904,11264.832123684702,175504.4085702074,6491.290954148455,19814.13348113933,12283.041422328344,17789.795389189872,4615.062961298056,71159.36161248597,21556.552966646756,7262.796012265475,5956.350891134289,13021.915356384849,12762.958642950034,10865.907953841788,9360.61130655423,8949.997724471525
11440.258178988233,77522.54992617425,20454.49265852201,113258.74539051148,167799.88051080034,39241.40998774361,12865.966790098493,23636.80845122124,16564.74436911543,34902.10642011921,8675.448497074496,5724.529550720215,8282.10492041315,4699.366943528666,6659.889308489495,31323.514284679077,5263.932861177803,13971.342382676212,8749.870324623545,11165.142734181032,13409.308337055045,107154.20562185392,259698.6066403476,71376.68588191763,9968.684353851851,36742.618793827874,7367.092528254203,4274.27071974401,12436.69296268099,16832.228738021302,33016.47272045625,12823.164318453975,20564.66872173444,76549.53288940703,1969.9036530364904,11264.832123684702,175504.4085702074,6491.290954148455,19814.13348113933,12283.041422328344,17789.795389189872,4615.062961298056,71159.36161248597,21501.54403673296,7227.878039784697,5956.350891134289,13021.552061570641,12760.809451232313,10865.907953841788,9357.595544840024,8949.997724471525
11428.572828431154,77522.54992617425,20454.49265852201,113258.74539051148,167799.88051080034,39182.413186162456,12657.271255899408,23636.80845122124,16345.473761427274,34902.10642011921,8670.429790892103,5344.5654970538235,8282.10492041315,4699.366943528666,6605.076463763991,31279.995806781786,5263.932861177803,13971.342382676212,8749.870324623545,11165.142734181032,13409.308337055045,106624.63603041791,241493.39112790034,71376.68588191763,9960.333274004222,29860.23771047422,7301.168523688196,4274.27071974401,12432.911271415569,16804.032807632328,33016.47272045625,12823.164318453975,20564.66872173444,76549.53288940703,1969.9036530364904,11261.478364198494,170336.93869206336,6489.640589575892,19814.13348113933,12200.880996110509,17763.639212206337,4615.062961298056,54150.542802533644,21501.54403673296,7227.878039784697,5956.350891134289,13021.224658731018,12760.809451232313,10865.907953841788,9357.595544840024,8949.997724471525
11428.572828431154,74602.42438935974,20283.042643941797,113258.74539051148,167056.6120337075,39182.3406324614,12286.493119511673,23315.53433732633,16265.124448599652,34493.6077953409,8670.429790892103,5344.5654970538235,8282.10492041315,4687.347449750605,6605.076463763991,31251.704678067625,5258.995430932155,13971.342382676212,8730.167824296237,11142.573965788393,13409.308337055045,106396.03954407744,241493.39112790034,71130.78975540203,9960.333274004222,29295.906753540177,7233.491855140528,4274.27071974401,12432.911271415569,16698.424197930683,33016.47272045625,12813.981553790443,19864.39492561515,76549.53288940703,1962.171609746706,11261.478364198494,156985.71223042574,6489.183122546999,19814.13348113933,12200.880996110509,17763.639212206337,4615.062961298056,54150.542802533644,21501.54403673296,7095.053091401923,5956.350891134289,12999.105564368187,12760.809451232313,10860.545308770514,9357.522352540875,8949.997724471525
11423.5235065632,74602.42438935974,20153.638036382203,101738.02647664667,167056.6120337075,38150.56577535295,11825.401123941567,22778.206291613147,16265.124448599652,31345.82880207141,8670.429790892103,5344.5654970538235,8282.10492041315,4668.116967165442,6605.076463763991,30497.319371528698,5258.995430932155,13965.530508359705,8730.167824296237,11095.655848171325,13403.75397547293,101878.87890883005,224391.97355360378,69220.85311177705,9960.333274004222,29295.906753540177,7180.767185813624,4274.27071974401,12415.038299434957,16633.678333360513,33016.47272045625,12813.981553790443,19261.39949954434,76109.71408231508,1962.171609746706,11261.478364198494,156985.71223042574,6489.183122546999,19803.409997189985,12200.880996110509,17663.19496483964,4615.062961298056,54150.542802533644,21454.633798292776,7095.053091401923,5956.350891134289,12999.105564368187,12760.672838275674,10857.90304185131,9355.610071621146,8916.070155319863
11423.5235065632,74602.42438935974,19603.337990404467,101738.02647664667,165294.51061950772,38150.56577535295,11825.401123941567,22778.206291613147,16250.690140856843,31345.82880207141,8670.25462642309,5344.5654970538235,8281.096786953913,4662.542649530573,6605.076463763991,30497.319371528698,5229.056279511324,13965.530508359705,8730.167824296237,10886.537378827774,13397.943181562832,101089.06736035392,222287.23715736106,69220.85311177705,9955.334933274988,28594.30159355673,6956.80338891955,4274.27071974401,12415.038299434957,16633.678333360513,33016.47272045625,12813.439146517801,19261.39949954434,75358.89143399947,1954.2755791780082,11258.984793029993,156985.71223042574,6489.183122546999,19791.07652722348,11981.11853000841,17274.044857464818,4615.062961298056,54150.542802533644,21454.633798292776,6852.389994228903,5955.124093053797,12998.579232140954,12757.994507649628,10857.90304185131,9354.87860233875,8876.115051241532
11423.5235065632,73513.63732748787,19214.700043465804,101738.02647664667,164979.36523185697,38150.56577535295,11825.401123941567,21487.36975120721,16250.690140856843,31286.889009951672,8670.25462642309,5344.5654970538235,8281.096786953913,4662.542649530573,6529.529097486882,30140.720525434248,5229.056279511324,13953.366598306164,8730.167824296237,10724.338997517872,13396.490339946871,100441.28779073441,213969.2961419804,67380.90750089586,9954.964976287118,28594.30159355673,6956.80338891955,4274.27071974401,12415.038299434957,16633.678333360513,33016.47272045625,12813.439146517801,19090.39348281262,75358.89143399947,1941.9144813117023,11257.35705410611,150483.30257729604,6487.215783881564,19680.471654017547,11818.433615879767,17274.044857464818,4615.062961298056,54150.542802533644,21454.633798292776,6852.389994228903,5955.124093053797,12997.355901794763,12757.994507649628,10857.90304185131,9353.481368685265,8876.115051241532
11413.737017197163,73513.63732748787,19214.700043465804,94666.89349797249,164979.36523185697,38150.56577535295,11766.831005418517,21487.36975120721,16242.758492852432,28379.32459457304,8670.25462642309,5325.719736526228,8281.096786953913,4660.585968009942,6529.529097486882,30140.720525434248,5229.056279511324,13950.341226821667,8730.167824296237,10520.1769704128,13396.490339946871,100441.28779073441,190351.91144636777,63331.46554360994,9945.131493719133,28594.30159355673,6956.80338891955,4274.218184140313,12402.182588807224,16595.31338300764,33016.47272045625,12812.88123248012,19090.39348281262,72036.07768095759,1939.8405308784395,11256.167669484812,135979.24116210992,6487.215783881564,19680.471654017547,11793.741336381747,17048.96103610569,4615.062961298056,54084.44377844357,21454.633798292776,6840.761798152853,5949.2765503067785,12997.355901794763,12757.994507649628,10857.90304185131,9351.385357596413,8843.84632844957
11413.737017197163,73110.08857183631,19214.700043465804,94666.89349797249,149919.97647319088,38150.56577535295,11766.831005418517,21487.36975120721,16233.411177303029,23164.145315110367,8670.25462642309,5325.719736526228,8281.096786953913,4656.959077520856,6529.529097486882,30140.720525434248,5229.056279511324,13950.341226821667,8638.582980977622,10520.1769704128,13396.490339946871,99757.58180384422,190336.99278941684,62133.74181286528,9945.131493719133,27792.519411296635,6956.80338891955,4269.028329379384,12396.652456991775,16595.31338300764,32862.27867040475,12812.88123248012,17101.31453987991,72036.07768095759,1939.8405308784395,11256.167669484812,135979.24116210992,6485.400885395486,19417.261820562017,11524.561063315909,17048.96103610569,4606.309602291613,49579.10414593636,21446.83362812573,6840.761798152853,5949.2765503067785,12995.383590247206,12757.994507649628,10857.90304185131,9344.847945470687,8843.84632844957
11410.715556028157,72735.85905208747,19214.700043465804,94666.89349797249,149919.97647319088,38143.033344162155,11766.831005418517,21487.36975120721,16015.93975053421,23164.145315110367,8669.95986666129,5325.719736526228,8281.096786953913,4656.894884255415,6521.645013162939,30136.21979935682,5229.056279511324,13950.341226821667,8634.655220531507,10520.1769704128,13396.490339946871,98802.73134032403,187049.8614433734,61783.24680156997,9945.131493719133,27792.519411296635,6956.80338891955,4269.028329379384,12396.652456991775,16595.31338300764,32813.41726650778,12811.861468258157,15511.268941840282,71125.35965129202,1939.6454060626306,11256.167669484812,134270.74941453512,6483.358745858861,19410.77804362427,11524.561063315909,17048.96103610569,4606.080204229189,49579.10414593636,21446.83362812573,6840.761798152853,5949.2765503067785,12995.377186930607,12757.994507649628,10857.90304185131,9344.157079010733,8843.84632844957
11410.715556028157,72735.85905208747,19178.818486181033,94666.89349797249,149919.97647319088,38140.268242629536,11766.831005418517,21487.36975120721,16015.93975053421,21821.09688045273,8666.917802567303,5321.9844771288135,8281.096786953913,4656.049090132956,6521.645013162939,30136.21979935682,5229.056279511324,13946.713711758643,8598.278222064198,10520.1769704128,13396.490339946871,97575.79169808561,161519.70313515066,61668.848509042065,9945.131493719133,26227.09671990745,6926.957289293243,4260.914283690185,12396.652456991775,16595.31338300764,32806.86406702396,12811.861468258157,15511.268941840282,71125.35965129202,1939.6454060626306,11256.167669484812,116577.66827051854,6483.035373500123,19410.77804362427,11524.561063315909,16837.979181221293,4606.080204229189,49579.10414593636,21446.83362812573,6840.761798152853,5949.2765503067785,12987.993765911035,12756.871420448719,10856.498110488297,9344.157079010733,8843.84632844957
11410.715556028157,72735.85905208747,18797.73138081787,94666.89349797249,149919.97647319088,37928.56485311019,11739.524460738223,21487.36975120721,15943.00583589161,21507.11008892303,8665.44112738455,5321.9844771288135,8280.989392288451,4655.761990440049,6521.645013162939,30136.21979935682,5225.1059088221755,13946.713711758643,8584.152802612756,10520.1769704128,13358.677537952575,97575.79169808561,141605.55786400003,61406.446794774834,9945.131493719133,21555.046265409394,6914.081685733527,4260.914283690185,12396.652456991775,16571.47202375382,32538.79819120544,12811.861468258157,13049.312793069752,71125.35965129202,1930.5538542953946,11255.577159849938,116577.66827051854,6480.861254298153,19089.866507507762,11524.561063315909,16837.979181221293,4601.38668686169,49579.10414593636,21439.130103941694,6840.761798152853,5949.2765503067785,12987.993765911035,12756.871420448719,10851.627363336542,9344.157079010733,8842.070179300195
11408.776167887909,70954.61848601414,18797.73138081787,82449.02880312476,149919.97647319088,37928.56485311019,11739.524460738223,21487.36975120721,15700.956619911469,21507.11008892303,8664.944257676421,5319.0941313162,8279.16430442594,4655.5528762441245,6511.224868141002,30045.958329585996,5225.1059088221755,13938.783386804243,8584.152802612756,10520.1769704128,13358.677537952575,97575.79169808561,141605.55786400003,53326.333521772554,9945.131493719133,21251.179682915114,6914.081685733527,4260.914283690185,12384.888498279219,16571.47202375382,32537.99219938667,12811.861468258157,10811.628155836866,70195.52717246754,1930.5538542953946,11255.577159849938,116577.66827051854,6480.143975646094,19089.866507507762,11524.561063315909,16837.979181221293,4600.412898733323,49574.39085089557,21394.164903390214,6823.1632551072025,5949.2765503067785,12978.039133445625,12756.871420448719,10851.275540107095,9344.157079010733,8842.070179300195
